SQL> SET PAGESIZE 20 LINESIZE 90
SQL> SELECT * FROM EMP
  2  WHERE MOD(SAL,2)=0;

     EMPNO ENAME      JOB              MGR HIREDATE         SAL       COMM     DEPTNO     
---------- ---------- --------- ---------- --------- ---------- ---------- ----------     
      7369 SMITH      CLERK           7902 17-DEC-80        800                    20     
      7499 ALLEN      SALESMAN        7698 20-FEB-81       1600        300         30     
      7521 WARD       SALESMAN        7698 22-FEB-81       1250        500         30     
      7654 MARTIN     SALESMAN        7698 28-SEP-81       1250       1400         30     
      7698 BLAKE      MANAGER         7839 01-MAY-81       2850                    30     
      7782 CLARK      MANAGER         7839 09-JUN-81       2450                    10     
      7788 SCOTT      ANALYST         7566 19-APR-87       3000                    20     
      7839 KING       PRESIDENT            17-NOV-81       5000                    10     
      7844 TURNER     SALESMAN        7698 08-SEP-81       1500          0         30     
      7876 ADAMS      CLERK           7788 23-MAY-87       1100                    20     
      7900 JAMES      CLERK           7698 03-DEC-81        950                    30     
      7902 FORD       ANALYST         7566 03-DEC-81       3000                    20     
      7934 MILLER     CLERK           7782 23-JAN-82       1300                    10     

13 rows selected.

SQL> SELECT * FROM EMP
  2  WHERE SUBSTR(SAL,-1)=0;

     EMPNO ENAME      JOB              MGR HIREDATE         SAL       COMM     DEPTNO     
---------- ---------- --------- ---------- --------- ---------- ---------- ----------     
      7369 SMITH      CLERK           7902 17-DEC-80        800                    20     
      7499 ALLEN      SALESMAN        7698 20-FEB-81       1600        300         30     
      7521 WARD       SALESMAN        7698 22-FEB-81       1250        500         30     
      7654 MARTIN     SALESMAN        7698 28-SEP-81       1250       1400         30     
      7698 BLAKE      MANAGER         7839 01-MAY-81       2850                    30     
      7782 CLARK      MANAGER         7839 09-JUN-81       2450                    10     
      7788 SCOTT      ANALYST         7566 19-APR-87       3000                    20     
      7839 KING       PRESIDENT            17-NOV-81       5000                    10     
      7844 TURNER     SALESMAN        7698 08-SEP-81       1500          0         30     
      7876 ADAMS      CLERK           7788 23-MAY-87       1100                    20     
      7900 JAMES      CLERK           7698 03-DEC-81        950                    30     
      7902 FORD       ANALYST         7566 03-DEC-81       3000                    20     
      7934 MILLER     CLERK           7782 23-JAN-82       1300                    10     

13 rows selected.

SQL> SELECT ENAME FROM EMP
  2  WHERE LENGTH(JOB)=5;

ENAME                                                                                     
----------                                                                                
SMITH                                                                                     
ADAMS                                                                                     
JAMES                                                                                     
MILLER                                                                                    

SQL> SELECT ENAME,JOB FROM EMP
  2   WHERE LENGTH(JOB)=5;

ENAME      JOB                                                                            
---------- ---------                                                                      
SMITH      CLERK                                                                          
ADAMS      CLERK                                                                          
JAMES      CLERK                                                                          
MILLER     CLERK                                                                          

SQL> SELECT SUBSTR(ENAME,1,3) FROM EMP;

SUB                                                                                       
---                                                                                       
SMI                                                                                       
ALL                                                                                       
WAR                                                                                       
JON                                                                                       
MAR                                                                                       
BLA                                                                                       
CLA                                                                                       
SCO                                                                                       
KIN                                                                                       
TUR                                                                                       
ADA                                                                                       
JAM                                                                                       
FOR                                                                                       
MIL                                                                                       

14 rows selected.

SQL> SELECT LOWER(SUBSTR(JOB,1,3)) FROM EMP;

LOW                                                                                       
---                                                                                       
cle                                                                                       
sal                                                                                       
sal                                                                                       
man                                                                                       
sal                                                                                       
man                                                                                       
man                                                                                       
ana                                                                                       
pre                                                                                       
sal                                                                                       
cle                                                                                       
cle                                                                                       
ana                                                                                       
cle                                                                                       

14 rows selected.

SQL> SELECT REPLACE('DEVELOPER','ER','MENT') FROM DUAL;

REPLACE('DE                                                                               
-----------                                                                               
DEVELOPMENT                                                                               

SQL> SELECT INITCAP(ENAME) FROM EMP;

INITCAP(EN                                                                                
----------                                                                                
Smith                                                                                     
Allen                                                                                     
Ward                                                                                      
Jones                                                                                     
Martin                                                                                    
Blake                                                                                     
Clark                                                                                     
Scott                                                                                     
King                                                                                      
Turner                                                                                    
Adams                                                                                     
James                                                                                     
Ford                                                                                      
Miller                                                                                    

14 rows selected.

SQL> SELECT UPPER(ENAME,1,3) FROM EMP
  2  WHERE MOD(SAL,2)!=0 AND SUBSTR(SAL*12,-1)=0;
SELECT UPPER(ENAME,1,3) FROM EMP
       *
ERROR at line 1:
ORA-00909: invalid number of arguments 


SQL>  SELECT UPPER(SUBSTR(ENAME,1,3)) FROM EMP
  2  WHERE MOD(SAL,2)!=0 AND SUBSTR(SAL*12,-1)=0;

UPP                                                                                       
---                                                                                       
JON                                                                                       

SQL> SPOOL OFF
